{"cameraMode":{"drawMode":0,"name":"Shaded","section":"Shading Mode"},"sceneLighting":false,"audioPlay":false,"sceneViewState":{"showFog":true,"showMaterialUpdate":false,"showSkybox":false,"showFlares":true,"showImageEffects":true,"showParticleSystems":true},"in2DMode":false,"pivot":{"x":0.46799999475479128,"y":2.434999942779541,"z":0.23199999332427979},"rotation":{"x":0.1517803966999054,"y":0.6302385330200195,"z":-0.1274276077747345,"w":0.7506826519966126},"size":0.4893103837966919,"orthographic":false}